seller_id,origin,landing_page_id,date_for_registration,business_type,lead_type,business_segment,seller_state,mean_distance,sale_days,total_profit,LTV,seller_status
2c43fb513632d29b3b58df74816f1b06,organic_search,b48ec5f3b04e9068441002a19df93c6c,5,reseller,online_medium,pet,MG,388.69236356436255,147,785.83,5.34578231292517,maintain
7d13fca15225358621be4086e1eb0964,unknown,b76ef37428e6799c421989521c0e5077,17,reseller,online_big,watches,SP,621.7549476655552,197,104805.89,532.0095939086294,maintain
8a432f4e5b471f8da497d7dc517666e2,organic_search,ce1a65abd0973638f1c887a6efcfa82d,13,reseller,online_big,bed_bath_table,SP,666.3944097205691,168,5589.89,33.27315476190476,maintain
4c1c7281388a33dd06daac44f9fadbd1,social,88740e65d5d6b056e0cda098e1ea6313,3,reseller,online_medium,stationery,SP,491.2606703859283,104,106.72999999999999,1.0262499999999999,leave
1d953075c2f0dd990bacf27b83b330f1,organic_search,a7982125ff7aa3b2054c6e44f9d28522,20,reseller,online_medium,computers,MG,1334.585470650588,53,39.68,0.7486792452830189,maintain
01fd077212124329bac32490e8ef80d9,unknown,b76ef37428e6799c421989521c0e5077,0,reseller,online_medium,household_utilities,SP,464.73511003312217,149,632.64,4.245906040268456,maintain
612170e34b97004b3ba37eae81836b4c,organic_search,1ceb590cd1e00c7ee95220971f82693d,63,reseller,online_big,home_appliances,RS,1066.4036288452967,77,20641.76,268.07480519480515,maintain
ffa6adafb71b807dc13159e26431354c,organic_search,ce1a65abd0973638f1c887a6efcfa82d,6,manufacturer,online_big,car_accessories,PR,790.6814280186937,174,2132.82,12.257586206896553,maintain
4c18691b6037662be2df78a765d98ab5,unknown,b76ef37428e6799c421989521c0e5077,5,reseller,online_small,household_utilities,SP,502.19050384678513,217,2074.53,9.56004608294931,maintain
382229d1e840115ffe3dbf5ff460e417,organic_search,22c29808c4f815213303f8933030604c,5,reseller,online_big,household_utilities,RJ,550.9918870983958,145,3227.3,22.257241379310347,maintain
f46490624488d3ff7ce78613913a7711,other,73f31a40697cc90a86c1273563ac230e,42,reseller,online_big,health_beauty,SP,583.9730755335185,97,4033.21,41.579484536082475,maintain
2646baaf662d4d92ac48f047e35db92d,unknown,b76ef37428e6799c421989521c0e5077,1,reseller,online_medium,construction_tools_house_garden,SP,221.26524440465815,140,976.71,6.976500000000001,maintain
7210cd29727d674c00741e5e387b3ccd,social,58326e62183c14b0c03085c33b9fdc44,15,reseller,online_medium,car_accessories,SP,40.94712061250046,125,584.0,4.672,maintain
28f10b1c5e5abb9d4857745bede6147c,social,58326e62183c14b0c03085c33b9fdc44,1,reseller,online_big,audio_video_electronics,SP,458.50421641408553,129,484.58000000000004,3.756434108527132,maintain
db2956745b3a8e9f3785c99f34b5d25e,unknown,b76ef37428e6799c421989521c0e5077,9,manufacturer,online_medium,audio_video_electronics,SP,721.4345243926963,141,7483.54,53.07475177304965,maintain
c70c1b0d8ca86052f45a432a38b73958,paid_search,22c29808c4f815213303f8933030604c,0,reseller,online_medium,health_beauty,SP,308.94032816626697,168,32519.01,193.56553571428572,maintain
c510bc1718f0f2961eaa42a23330681a,unknown,b76ef37428e6799c421989521c0e5077,1,reseller,online_big,baby,SP,298.2864072847084,125,11290.13,90.32104,maintain
30a81d8cf85fb2ada1b1b094c9583a95,unknown,b76ef37428e6799c421989521c0e5077,16,reseller,online_top,pet,SP,103.8284387738244,207,1077.32,5.204444444444444,maintain
58f1a6197ed863543e0136bdedb3fce2,paid_search,40dec9f3d5259a3d2dbcdab2114fae47,6,reseller,online_medium,fashion_accessories,MG,548.6991167551412,172,5762.31,33.501802325581394,maintain
a8739afb32aaa45e01815ca76f76f54b,paid_search,007f9098284a86ee80ddeb25d53e0af8,13,reseller,online_big,car_accessories,SP,516.4264252047127,159,27.06,0.170188679245283,maintain
bf00385a5f7fc1ef39a13c2e9ee50a5f,social,88740e65d5d6b056e0cda098e1ea6313,134,reseller,online_big,audio_video_electronics,SP,269.05850127919257,67,527.5699999999999,7.874179104477611,maintain
77a515caa36327151d1cc6c32a9f00e1,paid_search,0218f6be0b76aca72ab4d00ee9e8cf10,11,manufacturer,industry,stationery,SP,440.28192704939227,189,1821.2,9.635978835978836,maintain
5670f4db5b62c43d542e1b2d56b0cf7c,paid_search,40dec9f3d5259a3d2dbcdab2114fae47,6,reseller,online_big,health_beauty,SP,560.4723527961946,144,6047.530000000001,41.99673611111112,maintain
2d34636518ba88f5349b732fcf8ba2e4,unknown,22c29808c4f815213303f8933030604c,14,reseller,industry,computers,SP,352.29500440886824,70,131.37,1.8767142857142858,leave
bce6a5ecf98e99fd2a8868b15c51f04b,paid_search,40dec9f3d5259a3d2dbcdab2114fae47,1,reseller,online_medium,watches,SP,398.45048432740845,131,3223.3,24.605343511450382,maintain
516e7738bd8f735ac19a010ee5450d8d,paid_search,1ceb590cd1e00c7ee95220971f82693d,6,reseller,online_small,health_beauty,RJ,511.4962497416919,108,5176.86,47.93388888888889,maintain
70c27847eca8195c983ed7e798c56743,social,88740e65d5d6b056e0cda098e1ea6313,23,reseller,online_small,pet,RJ,435.7611720542273,195,10625.86,54.49158974358975,maintain
d1ef48b38baca7e831711c4a0aeb398f,organic_search,88740e65d5d6b056e0cda098e1ea6313,16,reseller,online_medium,construction_tools_house_garden,PR,602.4624935414793,160,793.55,4.959687499999999,maintain
4a23adac87cf538689fa600d976f78b2,paid_search,40dec9f3d5259a3d2dbcdab2114fae47,162,manufacturer,industry,health_beauty,SP,76.23582928928498,33,369.59,11.19969696969697,maintain
dfa0c4c6229ab200a4a1336b4d7128ff,paid_search,1baca9df5850e5ba75545d8b2eb8d966,10,reseller,online_medium,home_decor,SC,724.1681352392228,124,3009.99,24.274112903225806,maintain
df91910b6a03bb2e3358fa6a35e32f6f,referral,2f08471dfb83baef522f952438a36f6e,7,manufacturer,online_medium,food_drink,SP,858.6557665624423,126,1917.0800000000002,15.214920634920636,maintain
b494891378bd8f4560abe576c52deacd,organic_search,22c29808c4f815213303f8933030604c,26,reseller,online_top,health_beauty,SP,517.5478379727939,62,2646.98,42.693225806451615,maintain
cc63f0dd2acba93ffed4fe9f8e0321fa,social,40dec9f3d5259a3d2dbcdab2114fae47,6,reseller,online_beginner,home_office_furniture,SP,560.1205494771865,122,5696.74,46.69459016393442,maintain
845e8036c3f7bf62099352f5ed910240,unknown,b76ef37428e6799c421989521c0e5077,0,reseller,online_big,bed_bath_table,RJ,477.10675122859425,114,1123.96,9.859298245614035,maintain
4bfc7a4a1cf8d4d2121c27422d9e50b5,paid_search,241f79c7a8fe0270f4fb79fcbbcd17ad,9,reseller,online_big,home_decor,SP,509.85355191863266,167,7057.21,42.25874251497006,maintain
3ea08c48e851106d2f584349daba335f,social,b76ef37428e6799c421989521c0e5077,84,manufacturer,online_medium,baby,MG,144.0031356933674,55,147.06,2.6738181818181816,leave
f3c38ab652836d21de61fb8314b69182,paid_search,ce1a65abd0973638f1c887a6efcfa82d,9,reseller,online_small,computers,SP,430.5883064108712,130,1333.41,10.257000000000001,maintain
594f9aaa48e5bf431f011ddc5669b0d5,paid_search,40dec9f3d5259a3d2dbcdab2114fae47,3,reseller,online_medium,bags_backpacks,MG,787.7014661817076,143,2361.19,16.51181818181818,maintain
2d42ebcda99fd55f6f4bc2f1ca035d50,social,88740e65d5d6b056e0cda098e1ea6313,45,reseller,online_big,home_decor,GO,651.4043847801681,119,639.03,5.37,maintain
2cb6eb1b7185064167657fa09f541105,paid_search,40dec9f3d5259a3d2dbcdab2114fae47,7,manufacturer,online_medium,home_decor,MG,390.1174711558616,200,1053.1200000000001,5.265600000000001,maintain
bd4431c1a8dfa744b59e1e2a8bc99b9e,paid_search,40dec9f3d5259a3d2dbcdab2114fae47,23,reseller,offline,health_beauty,RJ,298.25002352456124,199,605.4100000000001,3.0422613065326636,maintain
55c26bcb609f480eb7868594245febb5,organic_search,b76ef37428e6799c421989521c0e5077,41,reseller,online_big,baby,SP,376.5462317439348,161,502.57000000000005,3.1215527950310564,maintain
138dbe45fc62f1e244378131a6801526,paid_search,22c29808c4f815213303f8933030604c,0,reseller,online_medium,household_utilities,SP,314.5507769070371,120,436.32,3.636,maintain
6aa3928696eab49a19a466e665a649fd,unknown,d83b0d0e48c8447d1d5507a44027a955,5,reseller,online_medium,health_beauty,RJ,410.4061931261531,191,1739.32,9.106387434554973,maintain
d9a84e1403de8da0c3aa531d6d108ba6,organic_search,ce1a65abd0973638f1c887a6efcfa82d,10,reseller,online_medium,toys,SP,407.70994305464075,209,693.06,3.316076555023923,maintain
5b0cc932433fa5184b5b94bfe6bcc256,social,ca2cd580bff13775c778f128c7db2b41,14,manufacturer,online_medium,home_decor,SP,470.9446173148751,80,881.51,11.018875,maintain
d66c11a9572221d92fbb8c4897db5f9b,direct_traffic,22c29808c4f815213303f8933030604c,6,manufacturer,industry,household_utilities,RJ,595.96176228891,130,388.74,2.9903076923076926,maintain
9803a40e82e45418ab7fb84091af5231,organic_search,22c29808c4f815213303f8933030604c,9,reseller,online_big,audio_video_electronics,GO,1280.2354306883976,165,3766.12,22.824969696969696,maintain
3d5d0dc7073a299e31fa718ce1bc00b6,paid_search,fa5a0151e1f37d0055a3478fbb48827a,17,reseller,online_medium,health_beauty,RJ,592.1307067784032,91,403.27,4.431538461538461,maintain
fcdd820084f17e9982427971e4e9d47f,unknown,b76ef37428e6799c421989521c0e5077,13,manufacturer,online_big,household_utilities,SP,451.308552429746,183,3902.24,21.323715846994535,maintain
7ade73f1b9b4e965f9009a4c3a7e2c15,organic_search,22c29808c4f815213303f8933030604c,11,manufacturer,online_medium,household_utilities,SP,452.3259944180004,143,1422.43,9.947062937062938,maintain
6b90f847357d8981edd79a1eb1bf0acb,organic_search,40dec9f3d5259a3d2dbcdab2114fae47,1,reseller,online_medium,construction_tools_house_garden,SP,348.9091925587022,103,2584.43,25.091553398058252,maintain
41da412d33e8da4f22baf55cb1bde82c,paid_search,40dec9f3d5259a3d2dbcdab2114fae47,20,manufacturer,industry,food_supplement,ES,603.9538986835262,190,488.74,2.5723157894736843,leave
ed8cb7b190ceb6067227478e48cf8dde,unknown,a0fbc0263cb98bdb0d72b9f9f283a172,267,manufacturer,industry,home_appliances,SP,317.52951716847235,56,330.79,5.906964285714286,maintain
43402bdf22aa2310e8f99e2f94f78628,unknown,b76ef37428e6799c421989521c0e5077,8,manufacturer,industry,home_office_furniture,SP,192.97665798882437,83,462.8,5.575903614457832,leave
af3ef48d0e13835e529c29ac573c63e5,unknown,b634a925e3768734c5b7b2325c88a082,0,manufacturer,online_top,pet,SP,288.61525618781775,104,938.13,9.020480769230769,maintain
3ab971ce71839580d2ae5b4e40fe8044,organic_search,40dec9f3d5259a3d2dbcdab2114fae47,23,reseller,online_big,home_decor,SP,359.4025029471448,115,4106.75,35.71086956521739,maintain
788e857f317e53de488d393e65a80f45,organic_search,22c29808c4f815213303f8933030604c,2,manufacturer,online_medium,bags_backpacks,SP,349.60370203632596,138,1025.05,7.427898550724637,maintain
9140ef75cc8211c4035935e80e567204,paid_search,40dec9f3d5259a3d2dbcdab2114fae47,8,manufacturer,industry,pet,PR,1490.3869753313345,58,27.619999999999997,0.4762068965517241,maintain
131fcb0a0c9a47bba4474aacff0f14b7,paid_search,ce1a65abd0973638f1c887a6efcfa82d,4,reseller,online_medium,home_appliances,SP,17.711529040207537,110,333.19,3.029,maintain
ce616e1913288884e7742faac9d981db,direct_traffic,22c29808c4f815213303f8933030604c,11,manufacturer,online_big,construction_tools_house_garden,SP,177.988206692585,106,90.17,0.8506603773584905,maintain
1c742ac33582852aaf3bcfbf5893abcf,organic_search,40dec9f3d5259a3d2dbcdab2114fae47,1,manufacturer,online_medium,health_beauty,MG,624.8359686334603,135,82.11000000000001,0.6082222222222223,leave
44ed138eca6214d572ce1d813fb0049b,unknown,b76ef37428e6799c421989521c0e5077,4,manufacturer,offline,health_beauty,RS,892.5797139932532,125,73.78,0.59024,maintain
87d73636a3acf123e842bb890a4db036,paid_search,007f9098284a86ee80ddeb25d53e0af8,188,manufacturer,online_medium,household_utilities,SP,493.28778074758566,93,226.18999999999997,2.432150537634408,maintain
b566ab0ef88016e00422755e305103c6,paid_search,b6885f18d203a61176418c1fb3764815,2,reseller,online_big,construction_tools_house_garden,MG,565.0603125577529,150,987.78,6.5851999999999995,maintain
a63bfbaa882c8f4542891b4e2246cc7f,referral,f017be4dbf86243af5c1ebed0cff36a2,2,reseller,online_big,health_beauty,RJ,991.193485262899,91,6507.8099999999995,71.5143956043956,maintain
d4ffeb15b67e81ff9af2b4252d99fb7e,unknown,22c29808c4f815213303f8933030604c,3,reseller,online_medium,bags_backpacks,SP,743.4435676752279,114,1075.99,9.438508771929826,maintain
2d2322d842118867781fc737e96d59a1,direct_traffic,22c29808c4f815213303f8933030604c,37,reseller,online_medium,household_utilities,SP,252.6621243822126,95,71.43,0.7518947368421053,maintain
bb2afe2061d53c6968aa0cffa233a8ec,organic_search,22c29808c4f815213303f8933030604c,14,reseller,online_medium,sports_leisure,SP,422.0697828441712,106,454.78,4.290377358490566,maintain
97e50a621f8e801f4baf69e08687c192,social,88740e65d5d6b056e0cda098e1ea6313,90,reseller,online_small,toys,SP,67.63856335993268,12,82.02000000000001,6.835000000000001,leave
33cbbec1e7e1044aaf11d152172c776f,unknown,b76ef37428e6799c421989521c0e5077,31,reseller,online_big,household_utilities,RS,951.9070980011941,165,331.84,2.011151515151515,maintain
271c58a1d139c45eaf3316107c6d3a3b,organic_search,22c29808c4f815213303f8933030604c,47,reseller,online_beginner,bags_backpacks,SP,823.6673036750956,124,3226.33,26.018790322580646,maintain
968268a686aa05d1f529fb07dff08130,referral,ce1a65abd0973638f1c887a6efcfa82d,9,reseller,online_big,stationery,SP,469.95290279517695,200,4473.74,22.3687,maintain
9e7c5f4d7770eab65738cca38f9efccf,paid_search,1ceb590cd1e00c7ee95220971f82693d,5,reseller,online_medium,sports_leisure,SP,1092.739524323917,118,146.72000000000003,1.2433898305084747,maintain
c1849d4d32d7a6cecd5aa471809d3135,paid_search,fa6f59a21825d841e307151460fb0302,7,manufacturer,offline,party,SP,50.64598018950681,100,347.25,3.4725,maintain
723cd880edaacdb998898b67c8f9da30,paid_search,22c29808c4f815213303f8933030604c,23,reseller,online_medium,bed_bath_table,SP,482.5513822383895,163,1723.4299999999998,10.573190184049079,maintain
19d62d484cba71963c93f0f00ab42013,unknown,b76ef37428e6799c421989521c0e5077,5,manufacturer,online_top,home_decor,SC,790.2169632414818,42,117.21000000000001,2.790714285714286,leave
850913d59ce317156b00f3705f1c3edb,paid_search,864a3926849a5f8043323b1a6ef0fb26,2,reseller,online_medium,phone_mobile,SP,417.64262620770904,168,2109.04,12.553809523809523,maintain
ba143b05f0110f0dc71ad71b4466ce92,paid_search,5dc848e7dd9418dffe183215b8ff0bc1,0,reseller,online_big,books,SP,386.5110348816052,124,4767.57,38.44814516129032,maintain
249f0e9905a6e06ad6c6bea7547ab9f6,organic_search,22c29808c4f815213303f8933030604c,2,manufacturer,online_medium,home_decor,RJ,439.1826309742851,84,308.90999999999997,3.6774999999999998,maintain
f049a72cf58fd31b11f8919cade515e7,paid_search,40dec9f3d5259a3d2dbcdab2114fae47,2,reseller,online_beginner,audio_video_electronics,SP,294.87019173776025,73,106.50999999999999,1.4590410958904108,maintain
ffc470761de7d0232558ba5e786e57b7,unknown,b76ef37428e6799c421989521c0e5077,30,reseller,online_big,construction_tools_house_garden,SP,611.4770804046339,187,1210.89,6.475347593582888,maintain
094ced053e257ae8cae57205592d6712,direct_traffic,4e24f6443807ad2eba56754b0dc91140,11,reseller,online_medium,health_beauty,SP,557.8095128827686,139,1060.17,7.6271223021582735,maintain
aae5e7b457a3c72ee230a47d98fceda5,paid_search,241f79c7a8fe0270f4fb79fcbbcd17ad,41,manufacturer,industry,bed_bath_table,PR,982.4449422009411,215,464.03,2.158279069767442,maintain
2e7ea2aafec5835e781b21d6d1faf1f1,email,2228a43ac0bc372e25f9569e69fc9015,88,reseller,online_medium,health_beauty,SP,242.31079239680753,94,410.18,4.363617021276596,maintain
e1dc0754bada9ee4cfe9713f22f61292,organic_search,b76ef37428e6799c421989521c0e5077,0,reseller,online_medium,toys,RJ,712.7882543710634,172,620.22,3.6059302325581397,maintain
7d7d2b7a51328016102d4528c411d630,unknown,b76ef37428e6799c421989521c0e5077,19,reseller,offline,home_decor,SP,512.332763093629,156,738.75,4.735576923076923,maintain
fac1a9017ade7bdc94058fc1c969f355,unknown,b76ef37428e6799c421989521c0e5077,24,reseller,online_medium,computers,SP,195.59720904383084,112,1798.77,16.060446428571428,maintain
6a38087bc8ad4f89ff453561005f6dea,referral,7fa6214d82e911d070f51ef79381b956,0,reseller,online_big,computers,GO,726.5897299903013,97,1285.51,13.252680412371134,maintain
cb6c9f5888a7a090c75beaf615925792,unknown,b76ef37428e6799c421989521c0e5077,1,reseller,online_medium,construction_tools_house_garden,ES,816.1171265673406,121,550.8100000000001,4.552148760330579,maintain
dc64d75cc406bb0697be983831430e60,organic_search,22c29808c4f815213303f8933030604c,17,reseller,online_small,audio_video_electronics,MG,756.2025692394727,107,720.45,6.733177570093458,maintain
9261d76c62caaf0b24677c2ceb7f8f20,unknown,b76ef37428e6799c421989521c0e5077,5,reseller,industry,household_utilities,SC,771.2002351459489,90,721.16,8.012888888888888,maintain
03a2a6dcbe45d639c4dc2a0d24769c40,social,88740e65d5d6b056e0cda098e1ea6313,4,reseller,online_beginner,construction_tools_house_garden,SP,594.5225558317717,187,906.1600000000001,4.8457754010695195,maintain
d263fa444c1504a75cbca5cc465f592a,direct_traffic,22c29808c4f815213303f8933030604c,73,reseller,offline,gifts,SP,2313.5404170819565,116,353.93,3.0511206896551726,maintain
f12d3c2a14729ae461b920c11fe20fdc,organic_search,b76ef37428e6799c421989521c0e5077,22,reseller,online_big,home_decor,SP,53.048446672248936,179,269.58,1.5060335195530725,maintain
1fe5540d7c1c37a595fefbacd5570d9e,paid_search,4aab772aeb9833c170d8ea5413e02eac,267,reseller,online_medium,computers,RJ,868.4538753998132,26,3597.4300000000003,138.36269230769233,maintain
e8dba4d70f7f2b20e775d09cae01142d,direct_traffic,ce1a65abd0973638f1c887a6efcfa82d,2,reseller,online_big,bags_backpacks,SP,405.9572691582711,98,679.43,6.932959183673469,maintain
65febd49fd28ec955651299159b1f527,organic_search,f017be4dbf86243af5c1ebed0cff36a2,11,reseller,online_big,household_utilities,SP,336.60067802246044,155,3338.26,21.537161290322583,maintain
596849622429351f47b32e6cae1055ff,unknown,40dec9f3d5259a3d2dbcdab2114fae47,81,reseller,online_medium,phone_mobile,SP,347.81022234516223,127,944.21,7.434724409448819,maintain
c8cc60ffd415254af5d9b9f34f32c369,social,58326e62183c14b0c03085c33b9fdc44,17,reseller,online_medium,pet,SP,233.39510755521562,106,528.17,4.982735849056604,maintain
ba90964cff9b9e0e6f32b23b82465f7b,organic_search,22c29808c4f815213303f8933030604c,10,reseller,,small_appliances,SP,544.1770559004249,187,42901.5,229.41978609625667,maintain
fadb07c842a2aef5d5a676b85f220e71,unknown,58326e62183c14b0c03085c33b9fdc44,4,reseller,online_medium,sports_leisure,SP,574.5606856780606,139,227.13,1.6340287769784172,maintain
c54679b132454625907c773d273d4126,paid_search,65d9f9d71e562365e8b44037c2888d98,5,manufacturer,online_medium,health_beauty,SP,311.0465833318838,200,924.07,4.62035,maintain
7238a95bb63ef7e498389fb863b834a1,paid_search,40dec9f3d5259a3d2dbcdab2114fae47,55,manufacturer,online_big,construction_tools_house_garden,SP,562.0179587161924,143,1696.29,11.862167832167833,maintain
88cf19ec1fc2c58f161aee259d57142c,organic_search,ce1a65abd0973638f1c887a6efcfa82d,15,reseller,online_big,household_utilities,SP,348.32719398565797,115,1138.26,9.89791304347826,maintain
dace965ca58120f92f8d742a9fa1864b,organic_search,22c29808c4f815213303f8933030604c,10,reseller,online_beginner,health_beauty,SP,344.24538083410727,109,1310.23,12.02045871559633,leave
556a6409838156ea299c9d1f9e2dde43,paid_search,40dec9f3d5259a3d2dbcdab2114fae47,11,reseller,industry,household_utilities,PR,512.7286495339639,127,1275.96,10.046929133858267,maintain
7c9130f5f3729edd32aa059141d92484,organic_search,b76ef37428e6799c421989521c0e5077,14,reseller,,computers,SP,437.9466734713335,107,58.849999999999994,0.5499999999999999,maintain
9aa388272ee334b6ae07bc73706e254a,paid_search,40dec9f3d5259a3d2dbcdab2114fae47,11,manufacturer,online_medium,bed_bath_table,MG,519.2110070882056,178,494.53999999999996,2.778314606741573,maintain
e819bcfade7b5d88a27325eb6cfd62c5,organic_search,22c29808c4f815213303f8933030604c,7,manufacturer,industry,home_decor,SP,185.53129313720436,189,67.54999999999998,0.35740740740740734,maintain
cac876b37d3abcd6bd76caca30277996,paid_search,22c29808c4f815213303f8933030604c,0,reseller,online_big,home_decor,PR,801.3818486264448,177,1500.75,8.478813559322035,maintain
4f0d637c1197fd65405ebd755ac9f86b,paid_search,b6885f18d203a61176418c1fb3764815,12,reseller,online_medium,health_beauty,SP,392.8468287072688,99,167.13000000000002,1.6881818181818184,leave
33dd941c27854f7625b968cc6195a552,email,c494978688ccf66ad9fad3d6a3338c22,1,reseller,online_medium,household_utilities,ES,816.7556137192387,127,6406.59,50.445590551181105,maintain
ca4b77513ac2040591b0d8fae6958380,social,649b7b8b46b254497e92038d88f6ced8,66,reseller,online_medium,health_beauty,SP,371.4674617232217,71,1571.28,22.130704225352112,maintain
d566c37fa119d5e66c4e9052e83ee4ea,organic_search,a7982125ff7aa3b2054c6e44f9d28522,33,reseller,online_big,sports_leisure,SP,327.54293627395276,179,4166.48,23.276424581005585,maintain
dc7192adf8ba09569261f4a8d576afe0,unknown,b76ef37428e6799c421989521c0e5077,3,reseller,online_medium,household_utilities,SP,572.308337719334,102,755.57,7.407549019607844,maintain
8476243f92442881ddd5b578975cf115,unknown,b76ef37428e6799c421989521c0e5077,4,reseller,online_big,audio_video_electronics,RS,1025.0556936716087,218,7562.97,34.69252293577982,maintain
d594982fd877af63ace38ea1fca27c76,organic_search,0b9430edcbf2d9a95148c806af2b6699,20,reseller,industry,audio_video_electronics,SP,419.84094457934924,77,124.38000000000002,1.6153246753246757,maintain
42fa4ee7240e9b8eb4576358ec142ba7,unknown,b76ef37428e6799c421989521c0e5077,7,reseller,online_medium,household_utilities,RS,733.1445845008049,160,3326.93,20.7933125,maintain
9c1c0c36cd23c20897e473901a8fb149,organic_search,22c29808c4f815213303f8933030604c,19,reseller,online_medium,food_drink,SP,167.2386784135367,156,372.9,2.3903846153846153,maintain
985c92cc412091f8529c12d7f23d3fef,referral,22c29808c4f815213303f8933030604c,0,reseller,offline,health_beauty,MG,435.444994316779,124,1130.37,9.115887096774193,maintain
c84592044b180dec206770c38603814b,unknown,22c29808c4f815213303f8933030604c,15,reseller,online_medium,audio_video_electronics,SP,579.0881815237395,112,287.68,2.5685714285714285,leave
bbe87dce25ba8b38bb61cc7210a3f10b,organic_search,a7982125ff7aa3b2054c6e44f9d28522,3,reseller,online_big,construction_tools_house_garden,SP,795.6903203702476,155,218.61,1.4103870967741936,maintain
05e107217c7266362fd44b75b2cd4cc4,organic_search,ce1a65abd0973638f1c887a6efcfa82d,49,reseller,online_medium,stationery,SP,390.07259110142144,98,111.37,1.1364285714285716,maintain
651530bf5c607240ccdd89a30c9c9712,paid_search,35c9b150ab36fe584c1f24fd458c453a,58,manufacturer,industry,bags_backpacks,BA,976.8841409044852,43,175.35,4.077906976744186,maintain
4d0041cdbe51b4617d95c70b19decc74,organic_search,358adb2fee9a122549618e46925a00a5,0,reseller,industry,car_accessories,MG,637.0135152798134,101,5004.91,49.55356435643564,maintain
671585f5a2af58b6e276bc01003c0d2b,social,88740e65d5d6b056e0cda098e1ea6313,163,manufacturer,online_medium,household_utilities,PR,521.4928761800528,67,795.89,11.878955223880597,maintain
dbdd0ec73a4817971d962698f2fea022,direct_traffic,5bc6da5f353093c37734eddd2eafc993,9,manufacturer,online_big,health_beauty,CE,1246.9219726938516,199,4593.2,23.08140703517588,maintain
c3e1abd72a42fe690fcd89cf5720fe29,organic_search,22c29808c4f815213303f8933030604c,11,reseller,online_big,pet,SP,308.062931599528,108,1629.6399999999999,15.089259259259258,maintain
59cea8e446d3834393058e7e0666b6fb,unknown,b76ef37428e6799c421989521c0e5077,15,reseller,online_big,small_appliances,PR,639.6311607466358,101,492.06,4.871881188118812,maintain
6b3bd31ad8fcda4b2635ec9f3ff2ecdf,paid_search,0d6bc3c00e4e64927cae2e8d9c6a0b9b,50,reseller,online_small,food_supplement,RJ,539.8540768720505,150,3441.88,22.945866666666667,maintain
31be790e64fc99f8ff48ec2bd18a3104,social,58326e62183c14b0c03085c33b9fdc44,57,reseller,online_beginner,household_utilities,SP,109.99402245077646,49,169.12,3.4514285714285715,maintain
cbf09e831b0c11f6f23ffb51004db972,organic_search,22c29808c4f815213303f8933030604c,4,reseller,online_top,household_utilities,SP,336.9235591310668,132,1255.0,9.507575757575758,maintain
c70a353f02429c00775a46a75fb787da,social,58326e62183c14b0c03085c33b9fdc44,12,reseller,online_medium,health_beauty,SP,1057.364025731252,112,147.06,1.3130357142857143,maintain
c013e57c075a06e5b5c48ee03c525719,social,88740e65d5d6b056e0cda098e1ea6313,20,reseller,online_medium,pet,SP,483.68843423659814,206,1114.44,5.40990291262136,maintain
0a85ebe4e328db81ac9109781205e2f7,organic_search,22c29808c4f815213303f8933030604c,16,manufacturer,online_medium,home_decor,SP,149.68982871861587,161,530.15,3.2928571428571427,maintain
11fb6f6d341adbe19e81733701704635,paid_search,d1bad8bf984bd4d7ee08f814ca589897,27,reseller,online_medium,home_decor,SP,451.59512989967516,70,797.34,11.390571428571429,maintain
e504a4e2efaa45cbff7e268a2c58c956,organic_search,73f31a40697cc90a86c1273563ac230e,79,manufacturer,industry,home_decor,SP,316.4166377189273,139,913.5400000000001,6.5722302158273385,maintain
5bc24d989e71e93c33e50a7782431b0e,paid_search,b76ef37428e6799c421989521c0e5077,4,manufacturer,online_medium,car_accessories,MG,549.119890622811,153,2559.4700000000003,16.72856209150327,maintain
117cfc326c6d50da67ca858ff5c0c852,organic_search,30077c17f2ec5010a82e37ad8925b95f,9,reseller,online_medium,household_utilities,RJ,237.5495845291172,50,373.12,7.4624,leave
3492e68f37fd1df87f4f2f2ea247f445,organic_search,a7982125ff7aa3b2054c6e44f9d28522,0,reseller,online_medium,car_accessories,SP,441.1663221107813,177,618.46,3.494124293785311,maintain
6061155addc1e54b4cfb51c1c2a32ad8,organic_search,22c29808c4f815213303f8933030604c,22,reseller,online_small,pet,SP,344.09887375796535,120,14753.49,122.94575,maintain
e250d617a0ad591ba9bd663e584a895d,organic_search,22c29808c4f815213303f8933030604c,13,manufacturer,online_beginner,home_decor,SP,333.0913265301074,217,571.66,2.634377880184332,maintain
54c04bdb5ec46762f8f08c7e8f86ed4a,organic_search,40dec9f3d5259a3d2dbcdab2114fae47,2,reseller,online_medium,food_supplement,SC,996.8560411012614,195,2805.54,14.387384615384615,maintain
6c99c983ce3b6ba0ab813e6790e81691,direct_traffic,4e82dd1f6d00626bda0723eef0a269a6,5,reseller,online_small,toys,MG,535.9599902043641,112,340.99,3.0445535714285716,maintain
70bf57d811208f8923b41bbd499a67a4,direct_traffic,ce1a65abd0973638f1c887a6efcfa82d,14,reseller,online_medium,small_appliances,SP,153.00413880108425,80,691.87,8.648375,maintain
8a8835a43bda99fd37310ad76c457510,referral,22c29808c4f815213303f8933030604c,30,reseller,online_big,car_accessories,SP,261.6493141946074,78,190.14,2.4376923076923074,maintain
1b4b28463457a256e9a784ebe2a8f630,unknown,358adb2fee9a122549618e46925a00a5,5,reseller,online_medium,car_accessories,SP,190.42563655433403,107,683.5,6.38785046728972,maintain
daf565f087a52def0fd5c5825b3661bc,organic_search,22c29808c4f815213303f8933030604c,7,reseller,online_big,home_decor,SC,886.2908488574196,146,505.96999999999997,3.465547945205479,maintain
120476eb7a04c149d14772edaf5d9bf2,paid_search,3cd2a8301d5395f21cdd3094c9eaa2f4,328,reseller,online_big,construction_tools_house_garden,RJ,463.2687963071021,45,2217.97,49.28822222222222,maintain
980640c45d7a4635885491d077167e4d,unknown,b76ef37428e6799c421989521c0e5077,2,reseller,online_medium,bags_backpacks,SP,540.7009309447034,89,761.9200000000001,8.560898876404496,maintain
04843805947f0fc584fc1969b6e50fe7,social,58326e62183c14b0c03085c33b9fdc44,23,manufacturer,online_big,home_decor,RS,831.4590258112245,108,1325.24,12.270740740740742,maintain
c5f7e746b7e6d07def6c0dae9903279b,organic_search,22c29808c4f815213303f8933030604c,48,reseller,industry,pet,PR,524.464299623901,174,1199.08,6.891264367816092,maintain
1f7dfad2cb384ea4d2d7e1ffbd78c407,unknown,b76ef37428e6799c421989521c0e5077,1,manufacturer,industry,toys,SP,46.693873413336,15,40.71,2.714,leave
4a1f694197d05fe70026b016a7316b41,paid_search,ce1a65abd0973638f1c887a6efcfa82d,23,reseller,online_medium,home_decor,SP,793.8293390534045,192,536.7900000000001,2.7957812500000006,maintain
1cbdc7cf130a41fd13a3c2a7d2fcfda7,unknown,e998c9a2c0e92504311cde9e43a34026,16,reseller,offline,bed_bath_table,MG,353.82575329726666,110,105.99000000000001,0.9635454545454546,maintain
9d681c7e12db302cb261e721040dde65,organic_search,22c29808c4f815213303f8933030604c,0,reseller,online_small,sports_leisure,PR,740.7927551359754,104,512.52,4.928076923076923,maintain
5e105f5c9f63f5f1fd75d6cb942e55b1,unknown,b76ef37428e6799c421989521c0e5077,25,manufacturer,online_medium,home_decor,SP,643.0469684264814,207,1198.07,5.7877777777777775,maintain
f88adb15807168d3c43d71021090ce4a,paid_search,f017be4dbf86243af5c1ebed0cff36a2,41,reseller,online_medium,gifts,SP,318.17599507869664,143,436.53999999999996,3.0527272727272723,maintain
02f623a8eb246f3c5f7c2f96462654e6,organic_search,22c29808c4f815213303f8933030604c,2,reseller,online_medium,sports_leisure,SP,471.06703490331347,126,5548.37,44.03468253968254,maintain
3f9be91358837bff69df67edfa3e42e8,paid_search,22c29808c4f815213303f8933030604c,10,reseller,online_medium,pet,PR,562.0647425961081,72,437.34000000000003,6.074166666666667,leave
87d3c3aeb3ead335511b3ce315eb341e,direct_traffic,22c29808c4f815213303f8933030604c,5,reseller,offline,toys,SP,393.60001516736116,95,535.64,5.638315789473684,maintain
3d3ccf2b2f8134b10dce9dd446f0e075,paid_search,40dec9f3d5259a3d2dbcdab2114fae47,6,reseller,online_medium,home_decor,SP,985.0662533331744,107,466.67,4.361401869158879,maintain
165b1235e9e9942cb5fae67103576fb0,paid_search,65d9f9d71e562365e8b44037c2888d98,194,reseller,online_big,home_decor,SP,349.24595868731814,112,1680.4999999999998,15.004464285714283,maintain
41b14765bd56c8ad10971074380f9c0c,paid_search,40dec9f3d5259a3d2dbcdab2114fae47,9,reseller,industry,computers,SP,345.00681319120724,165,276.37,1.674969696969697,maintain
7ff588a03c2aeae4fbd23f9ae64b760d,paid_search,40dec9f3d5259a3d2dbcdab2114fae47,28,reseller,online_big,car_accessories,SP,487.52796481337424,97,961.02,9.90742268041237,maintain
b64d51f0435e884e8de603b1655155ae,paid_search,36120633c8737035fbabf079082f4ec1,8,reseller,online_medium,household_utilities,SP,247.02705310497637,189,58.82,0.3112169312169312,maintain
caa9bc43a9fe8cf9c564ddd8a03cc4a6,unknown,b76ef37428e6799c421989521c0e5077,1,reseller,online_medium,toys,SP,554.2215604759712,152,570.0,3.75,maintain
bdae679a9b282249bc23b9b69dae9a99,direct_traffic,c0fa54bbdd331f215aa84b4dd86d7255,4,reseller,online_medium,construction_tools_house_garden,DF,854.4422325422807,200,474.32,2.3716,maintain
213fafb0ca06fb3d5886579c2565791b,,22c29808c4f815213303f8933030604c,9,reseller,online_big,audio_video_electronics,MG,53.29575151184631,98,162.54,1.6585714285714286,maintain
07de60b03d150fb3ea09eab5da5e4c8b,unknown,b76ef37428e6799c421989521c0e5077,0,manufacturer,industry,bed_bath_table,SP,458.6011270192908,206,549.2,2.6660194174757286,maintain
508808d438fe2ff972ed13bb8f4a82e2,social,73fec6021437e723ff5adae8dff89e23,117,reseller,online_big,home_decor,SP,235.46717030054558,34,172.19000000000003,5.064411764705883,maintain
d8d9567d0bfb0bc7eb845a205ba42657,paid_search,616767b0bfb0a97510747d8bbcc40290,2,reseller,online_medium,books,SP,657.9836700983099,193,14.889999999999995,0.0771502590673575,maintain
ca7c6bd577e559472af1c699de9e764e,email,b16779a74f2b20eb9a17a785519f63a0,27,reseller,online_medium,health_beauty,SP,53.27245549495929,19,77.18,4.062105263157895,leave
94165aea8a35c3c21499cbcae239b16c,paid_search,241f79c7a8fe0270f4fb79fcbbcd17ad,22,reseller,online_medium,car_accessories,MG,605.068706695302,83,163.89,1.974578313253012,leave
189ca3538ce9f920cacf0f982cbe223b,paid_search,22c29808c4f815213303f8933030604c,14,manufacturer,online_medium,stationery,SP,38.036787811021725,99,356.33,3.599292929292929,maintain
398cb257329ef7af7f1943a8974a3cbc,organic_search,22c29808c4f815213303f8933030604c,10,manufacturer,online_medium,food_drink,BA,712.0400604195737,136,130.43,0.9590441176470589,maintain
e9e446d01bd10a97a8ffcfc4a3a20cb2,social,58326e62183c14b0c03085c33b9fdc44,23,reseller,online_medium,health_beauty,SP,36.527882937789656,72,30.49,0.4234722222222222,maintain
26e2c91ef821e1ff8985f408788fe35b,direct_traffic,a0fbc0263cb98bdb0d72b9f9f283a172,33,manufacturer,online_beginner,bed_bath_table,SP,804.6234737817825,169,1374.93,8.135680473372782,maintain
cfe94489ddd337d1e29e12f2a7205d10,unknown,b76ef37428e6799c421989521c0e5077,13,reseller,online_medium,construction_tools_house_garden,SP,239.0110647166645,212,2079.1800000000003,9.80745283018868,maintain
a69aa24cec11168e7e39a3fbc727e925,organic_search,ce1a65abd0973638f1c887a6efcfa82d,55,reseller,online_big,health_beauty,SP,258.2935759200151,79,71.65,0.9069620253164558,maintain
5bf397d04035b5f45cc41e82ec106803,direct_traffic,ce1a65abd0973638f1c887a6efcfa82d,0,reseller,offline,household_utilities,SP,108.60753195112412,110,1477.72,13.433818181818182,maintain
18e694e0e48ed6f7aa3f24aade5fd697,unknown,b76ef37428e6799c421989521c0e5077,25,reseller,online_medium,computers,SP,221.86969481514117,152,197.30999999999997,1.2980921052631578,maintain
83c465a786b06574376909b35ef6752a,paid_search,68f817c510c978e3a3a7474ad2aeb75c,4,,offline,handcrafted,SP,284.13135659792846,115,232.33999999999997,2.0203478260869563,maintain
89a51f50b8095ea78d5768f34c13a76f,paid_search,fbc24da54d531c6204ae2d17b1090bb1,223,reseller,online_small,health_beauty,DF,543.9386893989628,112,500.06,4.464821428571429,maintain
0ddefe3c7a032b91f4e25b9c3a08fca1,paid_search,22c29808c4f815213303f8933030604c,3,reseller,online_small,household_utilities,SP,378.0453425992145,195,252.89999999999998,1.2969230769230768,maintain
6bd503a8230299c9316fb0f726933927,paid_search,40dec9f3d5259a3d2dbcdab2114fae47,100,reseller,online_big,health_beauty,GO,408.61479480215115,90,194.69,2.163222222222222,maintain
a4fc6eadaff1576af888509a53420f6a,paid_search,df99f969c517db441d373ae68b2955c9,1,reseller,online_beginner,computers,SP,2129.7571060786863,39,80.1,2.0538461538461537,leave
4fae87d32467e18eb46e4a76a0a0b9ce,organic_search,22c29808c4f815213303f8933030604c,187,reseller,online_medium,small_appliances,RS,313.008040509184,29,81.0,2.793103448275862,maintain
8b181ee5518df84f18f4e1a43fe07923,unknown,0b9430edcbf2d9a95148c806af2b6699,34,reseller,online_medium,health_beauty,SP,1229.446671197807,35,0.8200000000000003,0.023428571428571437,leave
da7039f29f90ce5b4846ffc0fcc93beb,organic_search,22c29808c4f815213303f8933030604c,2,reseller,online_medium,audio_video_electronics,SP,620.8222356369505,171,1014.65,5.933625730994152,maintain
1cbd32d00d01bb8087a5eb088612fd9c,organic_search,22c29808c4f815213303f8933030604c,13,reseller,online_big,health_beauty,SP,763.5262012005015,109,801.41,7.352385321100917,maintain
9d213f303afae4983637247556438ede,paid_search,35c9b150ab36fe584c1f24fd458c453a,28,reseller,online_big,bed_bath_table,SP,379.47579246837904,74,-25.41,-0.34337837837837837,maintain
7816cd9c5b1238e320545f5bf7eb80e8,organic_search,22c29808c4f815213303f8933030604c,5,reseller,online_big,construction_tools_house_garden,SP,85.8270499121533,10,466.24,46.624,leave
6f83d9e4da896daae20b9b6b2d3ff8d2,organic_search,ce1a65abd0973638f1c887a6efcfa82d,1,reseller,industry,household_utilities,PR,606.6742674980079,139,545.34,3.9233093525179856,maintain
762fafdaa57a532ee0119731697579dd,unknown,b76ef37428e6799c421989521c0e5077,2,reseller,online_beginner,toys,SP,70.70335969803662,163,152.53000000000003,0.9357668711656444,maintain
28872dc528e978a639754bc8c2ce5a4c,paid_search,1ceb590cd1e00c7ee95220971f82693d,29,manufacturer,online_medium,household_utilities,RS,1254.9841326448322,33,980.9,29.724242424242423,leave
7fc87cc3e89b3d1d5cabdca32f8485aa,paid_search,2228a43ac0bc372e25f9569e69fc9015,5,manufacturer,offline,home_office_furniture,SP,212.75904135924642,155,1471.98,9.496645161290322,maintain
13511db12ac61e2f89c53b72a944a60b,display,b16779a74f2b20eb9a17a785519f63a0,7,manufacturer,online_big,car_accessories,RS,684.5851064419977,177,532.03,3.0058192090395477,maintain
dedcab67899479e4ea5dcc4eba47f587,unknown,b76ef37428e6799c421989521c0e5077,119,reseller,online_medium,car_accessories,SC,57.91911344711604,94,62.36,0.6634042553191489,maintain
09bad886111255c5b5030314fc7f1a4a,unknown,b76ef37428e6799c421989521c0e5077,84,reseller,offline,handcrafted,SP,438.8197928790752,123,414.64,3.3710569105691057,maintain
6e4a902d1054e4e17aa6eab87fac1c75,direct_traffic,7fa6214d82e911d070f51ef79381b956,56,reseller,offline,audio_video_electronics,SP,294.1537910454191,64,477.44000000000005,7.460000000000001,maintain
751e274377499a8503fd6243ad9c56f6,paid_search,40dec9f3d5259a3d2dbcdab2114fae47,145,reseller,online_big,audio_video_electronics,SP,95.68467746631629,21,200.16,9.531428571428572,maintain
bec568278124768c474ee90971ca94d1,paid_search,b76ef37428e6799c421989521c0e5077,7,reseller,online_beginner,home_decor,SP,95.30494797508317,55,190.74,3.468,maintain
6548c2550b6e2d8f18053216e1c7b6f3,organic_search,b76ef37428e6799c421989521c0e5077,5,manufacturer,online_medium,household_utilities,SP,350.95192577137027,120,147.85,1.2320833333333332,maintain
a414555ce331b8c8aea4a9cb8395194d,organic_search,40dec9f3d5259a3d2dbcdab2114fae47,3,reseller,online_medium,home_appliances,SP,170.56155461803587,94,1208.31,12.854361702127658,leave
e433f5fd4050e3352b5d83522b7fe24b,organic_search,f017be4dbf86243af5c1ebed0cff36a2,21,manufacturer,online_medium,construction_tools_house_garden,PR,502.4402411667132,120,499.34999999999997,4.16125,maintain
08d1c9478fb0d7d7fcac9c0da4e82fc7,paid_search,22c29808c4f815213303f8933030604c,16,manufacturer,online_medium,home_decor,MG,599.2826138502829,46,470.43,10.226739130434783,leave
ee2fbacc2fc3794e656cc4d933d59ce7,unknown,b76ef37428e6799c421989521c0e5077,37,reseller,online_big,small_appliances,SP,951.4575683478273,95,411.24,4.328842105263158,maintain
134285d1f41da5c13a756ee8142c8a4e,paid_search,4aab772aeb9833c170d8ea5413e02eac,15,reseller,online_big,car_accessories,SP,840.2093737316318,135,1491.77,11.050148148148148,maintain
eb72802c83dc7547529c9546d1a9b8ef,organic_search,f017be4dbf86243af5c1ebed0cff36a2,2,reseller,online_medium,health_beauty,SP,271.7745364960647,87,946.21,10.875977011494253,maintain
48e954b2da4f6a750c844173b347ed40,social,88740e65d5d6b056e0cda098e1ea6313,37,reseller,online_small,food_drink,RS,1139.152301347392,81,238.79,2.948024691358025,leave
a213f1bd6458f4a158f3746cb2514559,paid_search,ce1a65abd0973638f1c887a6efcfa82d,97,reseller,online_beginner,computers,PR,447.20068158751644,34,27.090000000000003,0.796764705882353,leave
299c89a525fee36c567f4fe72f038100,organic_search,30077c17f2ec5010a82e37ad8925b95f,22,manufacturer,online_big,audio_video_electronics,CE,1250.5275841410953,161,558.25,3.467391304347826,maintain
59bbc819b99a733f02f0d6b49d1c253d,organic_search,7fa6214d82e911d070f51ef79381b956,0,reseller,online_medium,car_accessories,SP,288.56352240675744,142,116.85000000000001,0.822887323943662,leave
bba8d0c234a52b87b3957037a215d1a4,direct_traffic,1e884e3078d9978e216a027ecd57fb34,8,manufacturer,online_small,home_decor,GO,925.4006581131572,70,100.47,1.4352857142857143,leave
044668ccd5316b12a7cf0d54a156e3e9,unknown,b76ef37428e6799c421989521c0e5077,8,reseller,offline,food_drink,SP,569.3897751841508,201,84.25,0.4191542288557214,maintain
ea4e9ce63a2134743b4a92777437fcdd,organic_search,1d83f02bfc05b6715ef428ee0ccd78be,11,manufacturer,online_medium,audio_video_electronics,SC,628.6143808269392,154,250.9,1.6292207792207793,maintain
3903c788ded8dc03b5ebab37a2f3e9a1,unknown,7cae0e79bdcf71dfd512f1100219fdbc,4,reseller,online_big,household_utilities,SP,277.6170277370724,119,68.71,0.5773949579831932,maintain
6f835fd4be26989b1b064399da346143,unknown,3f3196b43b4af9aafbe878f6a1bbc7bd,1,reseller,online_medium,audio_video_electronics,PR,346.88135667777715,53,166.35000000000002,3.1386792452830194,leave
3e35a8bb43569389d3cebef0ce820f69,unknown,22c29808c4f815213303f8933030604c,14,reseller,industry,food_drink,SP,104.7249174108587,84,26.919999999999998,0.32047619047619047,leave
f1b854361f4e15d5851b494df66f22b2,direct_traffic,22c29808c4f815213303f8933030604c,3,manufacturer,online_big,pet,RJ,524.9821204216616,104,862.3599999999999,8.291923076923077,maintain
a7d0f8dd44f57ef6de7f7f02e3d82630,email,22c29808c4f815213303f8933030604c,1,reseller,online_medium,health_beauty,SP,216.75867866234896,115,47.91,0.4166086956521739,maintain
3289d8c3eef4873f91ce0b1343c0dd58,referral,7fa6214d82e911d070f51ef79381b956,30,manufacturer,online_small,sports_leisure,SP,400.35874864218334,28,180.71,6.4539285714285715,leave
a663d9c3797e90eac99ff60939416a56,unknown,b76ef37428e6799c421989521c0e5077,9,reseller,online_beginner,computers,SP,40.77272729502378,18,220.92,12.273333333333333,leave
a56e351445e5863fc8960640ba9190c7,direct_traffic,22c29808c4f815213303f8933030604c,5,reseller,online_small,home_decor,SC,309.1254743754983,60,695.86,11.597666666666667,leave
7c51de0ab286204ce75ff42bf7c10d92,direct_traffic,ce1a65abd0973638f1c887a6efcfa82d,34,reseller,online_medium,food_supplement,SC,989.3886812385965,150,609.36,4.0624,maintain
b67d6c666e8dce1d078c882825e12704,unknown,b76ef37428e6799c421989521c0e5077,1,reseller,online_medium,sports_leisure,SP,610.1000421280386,110,248.65,2.2604545454545457,maintain
f9ec7093df3a7b346b7bcf7864069ca3,paid_search,3c3d58faafc86beae6e757f1470ce9f0,3,reseller,online_medium,small_appliances,SP,441.8144163287677,107,400.27,3.7408411214953268,maintain
b9ec22de23f18567de0e09d776ca0309,unknown,b76ef37428e6799c421989521c0e5077,1,reseller,online_medium,stationery,DF,897.3210876809512,130,301.49,2.319153846153846,maintain
3d2531eccfbde1d7c8db7a3a12fb267a,organic_search,ce1a65abd0973638f1c887a6efcfa82d,63,reseller,online_medium,music_instruments,MG,791.6316648908754,164,1786.4799999999998,10.893170731707317,maintain
c092292535a57dacd95a8765f5518f87,display,22c29808c4f815213303f8933030604c,0,reseller,online_medium,construction_tools_house_garden,RJ,444.8360356047648,101,106.02,1.0497029702970297,maintain
ae45df84722b1d15c5f32b23a095746c,organic_search,22c29808c4f815213303f8933030604c,6,reseller,online_small,health_beauty,SP,435.13356747787697,202,738.1700000000001,3.6543069306930698,maintain
a64e44665225d19dfc0277eeeaaccc57,unknown,b76ef37428e6799c421989521c0e5077,12,manufacturer,online_medium,food_supplement,SP,483.1334347460792,99,243.24,2.456969696969697,maintain
33d677f27a69b84051204ee4ae76eaca,direct_traffic,ce1a65abd0973638f1c887a6efcfa82d,2,reseller,offline,food_drink,SC,386.24337123853735,190,-8.490000000000002,-0.0446842105263158,maintain
535bf14f36346c7f59d87cece104d70c,paid_search,e492ee5eaf1697716985cc6f33f9cd9b,341,manufacturer,online_medium,home_decor,RJ,12.104025633695837,12,42.230000000000004,3.519166666666667,maintain
4fe2f67634d00c021aa01f96b6f2d68e,organic_search,22c29808c4f815213303f8933030604c,124,reseller,online_small,food_supplement,PR,697.3342817216659,69,54.76,0.793623188405797,maintain
1a932caad4f9d804097d7f8e615baed1,unknown,b76ef37428e6799c421989521c0e5077,4,reseller,industry,construction_tools_house_garden,SP,521.9747119841205,183,3440.17,18.798743169398907,maintain
a11a0e0ca67423425691db355cff69b0,paid_search,358adb2fee9a122549618e46925a00a5,0,manufacturer,online_medium,car_accessories,SP,280.53095044477345,98,420.82,4.294081632653061,maintain
e9c2dc0dd4ac38448289be644ac94f42,direct_traffic,7fa6214d82e911d070f51ef79381b956,148,reseller,online_medium,sports_leisure,SC,409.2393424756777,62,62.17000000000001,1.0027419354838711,maintain
ade45994b717ccee333492330fbf037b,social,30077c17f2ec5010a82e37ad8925b95f,7,reseller,online_big,audio_video_electronics,PR,1025.047537331747,154,6912.37,44.88551948051948,maintain
902c99f1ac505c0d18778b61bcd636f7,organic_search,b76ef37428e6799c421989521c0e5077,109,reseller,online_medium,gifts,SP,267.7072129444107,28,57.80000000000001,2.0642857142857145,maintain
da6a60cc8cc724fe51be021ff8be779c,organic_search,22c29808c4f815213303f8933030604c,2,reseller,online_big,books,RJ,525.4548071256858,94,473.0,5.031914893617022,maintain
e58a5b390e28abc0b216cfb0e07d27d7,organic_search,22c29808c4f815213303f8933030604c,8,reseller,online_medium,bags_backpacks,RJ,706.0785168999133,201,877.97,4.368009950248756,maintain
6025c79c035c3d772133b8b8238463b2,unknown,b76ef37428e6799c421989521c0e5077,3,reseller,online_medium,car_accessories,PR,855.2109461861601,88,881.15,10.013068181818182,maintain
e1643dff33666ca629e3644c02738179,paid_search,40dec9f3d5259a3d2dbcdab2114fae47,6,reseller,offline,household_utilities,SP,35.74623126008908,77,140.69,1.8271428571428572,leave
5e063e85d44b0f5c3e6ec3131103a57e,organic_search,4aab772aeb9833c170d8ea5413e02eac,-2,reseller,online_big,health_beauty,SP,61.76214983881335,127,15.479999999999999,0.12188976377952755,maintain
4a82168aaef173cbb6e46ae88728f919,paid_search,241f79c7a8fe0270f4fb79fcbbcd17ad,127,reseller,online_big,health_beauty,PR,503.4438141390222,97,411.61,4.2434020618556705,maintain
88ef59b51bdaa941d10a853429f2b6ce,organic_search,22c29808c4f815213303f8933030604c,2,reseller,online_medium,audio_video_electronics,PR,537.163706811003,122,211.1,1.730327868852459,maintain
657969cca82e884d272385ec0ef06edd,social,88740e65d5d6b056e0cda098e1ea6313,13,reseller,industry,fashion_accessories,RS,891.7686478224555,172,87.84,0.5106976744186047,maintain
4125d9385a25e82d2f72d3a0fd55bc3f,direct_traffic,22c29808c4f815213303f8933030604c,6,reseller,online_medium,home_decor,SP,531.356337526099,118,24.5,0.2076271186440678,maintain
5f5a58930c3c35f3b5af264f34fb8c85,organic_search,f017be4dbf86243af5c1ebed0cff36a2,16,reseller,online_medium,air_conditioning,SP,686.5961292540405,142,491.40999999999997,3.460633802816901,maintain
c32fc744b9160ac853450488e3cfea93,organic_search,22c29808c4f815213303f8933030604c,7,reseller,online_medium,food_supplement,SP,694.1255670456685,93,147.88,1.5901075268817204,leave
698f5fa55a5f73d0740e9d9a773e8093,paid_search,40dec9f3d5259a3d2dbcdab2114fae47,1,reseller,offline,health_beauty,RJ,290.2028654863631,96,36.010000000000005,0.37510416666666674,leave
8fbd63429be6d3e5e6d1a709b6464802,organic_search,40dec9f3d5259a3d2dbcdab2114fae47,18,reseller,industry,car_accessories,SP,567.8852009043868,156,881.83,5.65275641025641,leave
b16d3dadc47d4eb18be3d88bad0775ce,paid_search,40dec9f3d5259a3d2dbcdab2114fae47,15,manufacturer,online_medium,sports_leisure,RS,563.6214452450188,142,543.66,3.8285915492957745,maintain
ae7ab174effdead6c241e547e4ca13f0,organic_search,b76ef37428e6799c421989521c0e5077,76,manufacturer,online_medium,household_utilities,PR,477.40124367328815,128,1983.1399999999999,15.493281249999999,maintain
54583ab379489add547fe47b628db589,unknown,f55ba1da3448d20e213b0a10385eac07,162,reseller,online_medium,baby,SP,472.5082465967099,90,2088.92,23.210222222222225,maintain
dd5450b022b2d00a2145a66331e1aef6,social,ce1a65abd0973638f1c887a6efcfa82d,4,reseller,online_medium,household_utilities,SC,680.2887407148871,129,36.66,0.2841860465116279,leave
9cf787a239c1aa29dbd76f153dc13f9a,unknown,b76ef37428e6799c421989521c0e5077,14,reseller,online_medium,fashion_accessories,SP,316.76717175150725,204,263.6,1.2921568627450981,maintain
1444c08e64d55fb3c25f0f09c07ffcf2,organic_search,a7982125ff7aa3b2054c6e44f9d28522,43,reseller,online_beginner,car_accessories,BA,1467.4582658472277,81,2679.26,33.077283950617286,leave
929f342384a6607afe143d789ade1316,unknown,b76ef37428e6799c421989521c0e5077,5,reseller,online_small,construction_tools_house_garden,PR,412.6029140677722,117,146.04,1.248205128205128,maintain
0873d9f8f36123f8d910f4760e788cfb,unknown,b76ef37428e6799c421989521c0e5077,12,reseller,online_medium,audio_video_electronics,SP,575.5452385041027,140,7104.530000000001,50.74664285714286,maintain
a7a9b880c49781da66651ccf4ba9ac38,paid_search,b6885f18d203a61176418c1fb3764815,35,reseller,offline,bed_bath_table,SP,204.3489255051475,71,242.13000000000002,3.4102816901408453,maintain
377bc18334c78dd2f1535ef22a3ad225,unknown,3e3371f8470ce094c7c82c09b7bd59d9,28,reseller,online_big,car_accessories,PR,1228.0159275064561,163,47.519999999999996,0.2915337423312883,maintain
184725737946a1a938bbbd1a9e978103,unknown,b76ef37428e6799c421989521c0e5077,0,reseller,online_big,fashion_accessories,SP,445.39496973187164,122,315.83000000000004,2.5887704918032792,maintain
269c5fc9fcadee614364c3620c30a1f9,paid_search,9fa37f5177115156b1814ffc237402a6,62,reseller,offline,bags_backpacks,SP,54.89860635963683,48,164.48000000000002,3.426666666666667,maintain
e94b64dc6979b302a5a5be1662c83bb6,organic_search,358adb2fee9a122549618e46925a00a5,9,reseller,online_medium,home_decor,SP,787.2436426873901,62,275.15,4.437903225806451,maintain
7f5e4d5efad7e44b91115dd1decb65f3,organic_search,d83b0d0e48c8447d1d5507a44027a955,98,reseller,online_medium,audio_video_electronics,SP,157.68042682484835,112,102.47999999999999,0.9149999999999999,maintain
c0aff2da32c17759d30b22fb0af6649d,paid_search,bdaeb752e5c3caa215ebe04c61e22325,4,reseller,online_medium,music_instruments,SC,703.4320319441956,124,105.27000000000001,0.8489516129032258,maintain
f1fdf2d13186575751aa25876536d85c,organic_search,ce1a65abd0973638f1c887a6efcfa82d,7,reseller,online_big,sports_leisure,SP,5.4577029839744435,7,18.01,2.572857142857143,leave
ffad1e7127fb622cb64a900751590acd,organic_search,22c29808c4f815213303f8933030604c,1,manufacturer,online_medium,home_decor,SP,404.112354774522,161,677.77,4.209751552795031,maintain
56e361f411e38dcef17cdc2a3d99628b,organic_search,b76ef37428e6799c421989521c0e5077,23,manufacturer,industry,audio_video_electronics,SP,1585.8991442622714,106,-559.7600000000002,-5.280754716981134,maintain
e0a3c37054ade6478d923a6efc10f308,paid_search,0218f6be0b76aca72ab4d00ee9e8cf10,102,manufacturer,online_beginner,baby,SC,245.2685950204762,53,184.62,3.4833962264150946,maintain
5c3460cd3e8a984382ae254e7dd20d9f,social,88740e65d5d6b056e0cda098e1ea6313,44,reseller,online_small,baby,SP,661.5366940911144,217,577.2199999999999,2.6599999999999997,maintain
61b18775be84fb700a6b2d0ba097bf66,paid_search,fbc24da54d531c6204ae2d17b1090bb1,1,reseller,industry,pet,SP,496.4336119180517,175,232.99,1.3313714285714287,maintain
44717f64ec2a457979cf83c429077666,direct_traffic,22c29808c4f815213303f8933030604c,1,reseller,online_medium,handcrafted,RS,2205.547694316719,136,43.089999999999996,0.31683823529411764,maintain
bf0d50a6410d487dc97d2baac0a8c0be,organic_search,ce1a65abd0973638f1c887a6efcfa82d,20,manufacturer,online_medium,home_decor,SP,121.92256056396732,29,18.64,0.6427586206896552,leave
7d7866a99a8656a42c7ff6352a433410,organic_search,ce1a65abd0973638f1c887a6efcfa82d,20,reseller,offline,household_utilities,SP,345.70230498434404,90,88.4,0.9822222222222223,maintain
ce20a2ec1514c25e16f2b5b39bc818f0,organic_search,22c29808c4f815213303f8933030604c,5,reseller,online_medium,pet,SP,911.392274703924,188,77.97,0.41473404255319146,maintain
fe87f472055fbcf1d7e691c00b1560dc,other,73f31a40697cc90a86c1273563ac230e,5,reseller,online_medium,home_decor,SP,181.08176194497995,209,955.6400000000001,4.57244019138756,maintain
52a50b42accf164f9f019941e5759d9b,organic_search,ce1a65abd0973638f1c887a6efcfa82d,13,manufacturer,online_small,food_drink,SP,232.8820966084998,110,82.9,0.7536363636363637,maintain
9ac4f14370b1e24ddc58be041b7f99df,direct_traffic,30077c17f2ec5010a82e37ad8925b95f,22,manufacturer,online_medium,bags_backpacks,GO,815.0097366063907,155,192.37,1.2410967741935484,maintain
76ea5315acb3f5f7ade3cd261faf922a,paid_search,35c9b150ab36fe584c1f24fd458c453a,8,reseller,online_big,car_accessories,SP,464.91679530836205,117,863.04,7.3764102564102565,maintain
539ed9e19811677513447759be5eccfc,organic_search,22c29808c4f815213303f8933030604c,5,reseller,industry,home_decor,MG,555.6458094106745,102,1.7399999999999984,0.017058823529411748,maintain
d7827b2af99326a03b0ed9c7a24db0d3,paid_search,22c29808c4f815213303f8933030604c,1,reseller,online_big,construction_tools_house_garden,SP,400.06619253644783,14,1353.3,96.66428571428571,leave
4a1917ef994878940e1fb03eeb787ad7,social,c35447dcd1a50b2e2ee3184be602b597,21,reseller,industry,phone_mobile,DF,782.9994984334993,109,689.38,6.324587155963303,maintain
aa2640d851ec322526f1295bbeb20092,organic_search,22c29808c4f815213303f8933030604c,9,reseller,online_medium,home_decor,SP,133.58354069580253,90,137.62,1.529111111111111,leave
85044848b1b767db2a4a58526adef4b4,referral,37cf94070e940a694969304de58debe1,11,reseller,offline,phone_mobile,SP,855.742534245647,157,175.69,1.119044585987261,maintain
dc50afafdfa325eadc890c7fa42a8f4e,,b3346ddd5d7b2edda306d8f531e58660,0,reseller,online_big,audio_video_electronics,PR,405.86535813844506,102,366.92,3.5972549019607847,maintain
623ad9d0c1e14bb5464a8c72bff7b4af,paid_search,ce1a65abd0973638f1c887a6efcfa82d,13,manufacturer,online_big,household_utilities,MG,724.078797546801,75,56.04,0.7472,leave
2cb98e27ce1c18abdb42209b34c382a7,unknown,b76ef37428e6799c421989521c0e5077,6,reseller,online_beginner,car_accessories,SP,2095.278653153766,111,5.280000000000001,0.047567567567567574,leave
0e72c1a751b496722a6cb1f10653b62a,direct_traffic,22c29808c4f815213303f8933030604c,17,reseller,industry,books,SP,484.8112847315562,140,89.5,0.6392857142857142,maintain
6ebf4eceee4dd9847201c82e77ef8123,direct_traffic,d83b0d0e48c8447d1d5507a44027a955,7,reseller,online_beginner,health_beauty,RJ,1130.6927455386906,8,37.769999999999996,4.7212499999999995,leave
160851d3ece7aa1a510f8d1a4bb8a8af,unknown,b76ef37428e6799c421989521c0e5077,369,manufacturer,industry,construction_tools_house_garden,SP,507.2980868737801,34,62.95,1.8514705882352942,maintain
c004e5ea15737026cecaee0447e00b75,paid_search,5da54625ee0a9560dc9b9b9f6ccb03d0,4,reseller,offline,construction_tools_house_garden,SP,559.7265068388594,136,4525.68,33.277058823529416,maintain
880ce4951cf857ab1d9e0b75c1d856f4,organic_search,b76ef37428e6799c421989521c0e5077,1,reseller,industry,car_accessories,MG,909.2434048014602,13,160.08,12.313846153846155,leave
9e6967d3cf386d284251784b18ccb485,organic_search,22c29808c4f815213303f8933030604c,9,reseller,online_big,construction_tools_house_garden,SP,447.07897706481157,123,380.44,3.0930081300813006,maintain
964ff64dc05b13811c6d0f41e0aa5f6b,unknown,b76ef37428e6799c421989521c0e5077,7,manufacturer,online_big,home_decor,SP,740.1999272300087,98,155.94,1.5912244897959182,maintain
271b8923c6a549e02d3c9fd1f8c0422b,unknown,b76ef37428e6799c421989521c0e5077,35,reseller,offline,household_utilities,SP,363.99815525699097,60,91.78999999999999,1.5298333333333332,maintain
94d76e96eedd976258cd3278ce56d5f2,organic_search,22c29808c4f815213303f8933030604c,2,manufacturer,online_big,construction_tools_house_garden,SP,313.17796615160285,90,317.05,3.522777777777778,leave
dda37071807e404c5bb2a1590c66326f,paid_search,b6885f18d203a61176418c1fb3764815,10,manufacturer,online_small,bags_backpacks,SP,533.8176336648191,28,180.71,6.4539285714285715,leave
5dc203c7b84a0e71e878a179de05fb9a,organic_search,bdaeb752e5c3caa215ebe04c61e22325,5,reseller,industry,construction_tools_house_garden,SP,799.5969123502219,153,293.75,1.9199346405228759,maintain
9b1585752613ec342d03bbab9997ec48,organic_search,22c29808c4f815213303f8933030604c,2,reseller,offline,car_accessories,RJ,719.6807909800391,101,4148.92,41.07841584158416,maintain
da4d149c0ddbac90557103ac0a0ec356,organic_search,40dec9f3d5259a3d2dbcdab2114fae47,4,reseller,online_medium,sports_leisure,SP,29.141126782721184,220,684.02,3.1091818181818183,maintain
693660429f9dc4ff704eb3d88dad54d7,social,88740e65d5d6b056e0cda098e1ea6313,74,reseller,online_medium,audio_video_electronics,SP,181.58854294784442,59,99.88,1.6928813559322033,maintain
d3dcf0604eabf0224fbd5948b5e02f69,unknown,b76ef37428e6799c421989521c0e5077,21,reseller,online_medium,music_instruments,SP,914.581742972847,175,2737.19,15.641085714285715,maintain
2ba91c7ad80ff88b23b7db823b43c233,direct_traffic,ce1a65abd0973638f1c887a6efcfa82d,32,reseller,,pet,SP,610.0279352017798,207,640.47,3.094057971014493,maintain
5a4236931428800e9d9cc04af0987118,paid_search,22c29808c4f815213303f8933030604c,17,reseller,online_medium,household_utilities,SP,343.24731689940455,40,-0.7200000000000006,-0.018000000000000016,maintain
2fa13c8bd5705d279f7ed5cc9ec61c68,unknown,b76ef37428e6799c421989521c0e5077,6,reseller,online_medium,health_beauty,SP,669.125840811827,173,26.1,0.1508670520231214,maintain
fd435faa3c0422b60440ea3480d0e77c,unknown,b76ef37428e6799c421989521c0e5077,126,reseller,online_big,music_instruments,PB,1971.2585486031526,24,615.13,25.630416666666665,maintain
c963a25b8671419c6ce9eebe8fd03218,paid_search,40dec9f3d5259a3d2dbcdab2114fae47,9,manufacturer,online_medium,home_decor,RJ,243.86552975786836,48,29.68,0.6183333333333333,leave
8c9348f33ae3dada25c99c99ade2af78,paid_search,241f79c7a8fe0270f4fb79fcbbcd17ad,174,reseller,online_small,construction_tools_house_garden,SP,1016.6578223472901,92,261.05,2.8375,maintain
c8665a4dd081a2c436b1cd921079d0d9,direct_traffic,22c29808c4f815213303f8933030604c,0,reseller,online_medium,car_accessories,SP,233.34988168529532,38,65.25,1.7171052631578947,leave
9b1f656ca3060f8af17a50d8a024b533,organic_search,22c29808c4f815213303f8933030604c,1,reseller,online_medium,construction_tools_house_garden,SP,753.0765309688594,100,-6.68,-0.0668,maintain
1961c3e1272bfeceb05d0b78b5bbfdaf,unknown,b76ef37428e6799c421989521c0e5077,41,reseller,online_medium,games_consoles,SP,209.691209495757,74,846.57,11.440135135135137,maintain
7b98de631987e26dd6d803490c43a13c,organic_search,22c29808c4f815213303f8933030604c,47,manufacturer,industry,construction_tools_house_garden,PR,612.1033591177678,86,489.77000000000004,5.695,maintain
b3809b8d4394588a47c8470ea331e135,direct_traffic,b76ef37428e6799c421989521c0e5077,4,reseller,online_medium,audio_video_electronics,SP,39.93062649646573,87,81.12,0.9324137931034483,maintain
bc8c8d665ec4664d286be0d521722b19,organic_search,50f87b85a731cec08d8380b08c573ed3,101,reseller,online_medium,food_drink,SP,20.44179102262268,110,14.18,0.12890909090909092,maintain
c7bb64409aa480bb7d0335faaaf3d242,direct_traffic,2f08471dfb83baef522f952438a36f6e,2,reseller,online_big,car_accessories,SC,445.5673283502306,81,30.04,0.3708641975308642,maintain
01266d4c46afa519678d16a8b683d325,unknown,b76ef37428e6799c421989521c0e5077,11,reseller,online_small,construction_tools_house_garden,PR,366.1889484648575,94,43.019999999999996,0.4576595744680851,maintain
761681a821d8275bc79f552116d06869,organic_search,22c29808c4f815213303f8933030604c,4,reseller,online_big,home_decor,SP,1117.7837186585004,191,194.94,1.020628272251309,maintain
1a8e2d9c38b84a9702ac7922924b0573,paid_search,fbc24da54d531c6204ae2d17b1090bb1,10,manufacturer,industry,household_utilities,SC,736.0714615572953,14,63.0,4.5,leave
ec8463980a4e0ea9f8517aea1ed0c419,organic_search,ce1a65abd0973638f1c887a6efcfa82d,3,manufacturer,online_medium,home_decor,SC,257.1939777186579,99,120.44,1.2165656565656566,maintain
f9eda05b67bef472deaddbba84aca289,paid_search,40dec9f3d5259a3d2dbcdab2114fae47,9,reseller,offline,watches,SC,1685.704083462283,90,133.21,1.4801111111111112,leave
447d377bdb757058acb569025ee18a93,organic_search,22c29808c4f815213303f8933030604c,3,reseller,online_medium,toys,RS,1353.733250324702,7,46.97,6.71,leave
8de8fe3af4449ed695d2434c933ed73e,organic_search,b76ef37428e6799c421989521c0e5077,46,reseller,online_medium,air_conditioning,SP,2149.1943959816476,57,2024.65,35.520175438596496,maintain
4867209cb29b56b92893d7bde3ce8012,paid_search,40dec9f3d5259a3d2dbcdab2114fae47,18,manufacturer,online_small,health_beauty,SP,697.431396847636,138,130.85,0.9481884057971014,leave
4eeb99008a0f59d2c7759c59f9a346eb,paid_search,f017be4dbf86243af5c1ebed0cff36a2,2,reseller,online_medium,audio_video_electronics,SP,397.47165927289336,72,1243.05,17.264583333333334,leave
5e9f5bd34e0830569f05c9d4f56e04a8,organic_search,40dec9f3d5259a3d2dbcdab2114fae47,26,manufacturer,online_medium,bags_backpacks,RS,762.6582816909595,108,205.1,1.899074074074074,maintain
d8bf0fc082fd4a77fc2e5679b6c00133,organic_search,22c29808c4f815213303f8933030604c,2,reseller,online_medium,construction_tools_house_garden,SP,53.509265848521,105,130.76,1.2453333333333332,maintain
53088c75f948b48a7ece173ac17f0c12,unknown,13fa6688e41e863dcbfdb4c6112c4c86,42,reseller,offline,health_beauty,RS,1120.4854036727613,90,207.17000000000002,2.301888888888889,maintain
e5cbe890e679490127e9a390b46bbd20,paid_search,22c29808c4f815213303f8933030604c,7,manufacturer,online_top,food_supplement,SP,442.30766126686024,116,880.27,7.588534482758621,maintain
36f98ad67cc981f50ce8aed093d5783c,social,58326e62183c14b0c03085c33b9fdc44,12,reseller,online_small,audio_video_electronics,PR,724.3506793764939,77,80.18,1.0412987012987014,maintain
74636e24f01da9268b0ed88dacd8513e,paid_search,ce1a65abd0973638f1c887a6efcfa82d,48,reseller,online_medium,toys,SP,1128.1654759889343,166,503.39,3.032469879518072,maintain
f22a247b79dd22ecd91dc8e3b2a1b07c,unknown,b76ef37428e6799c421989521c0e5077,54,manufacturer,online_medium,health_beauty,SP,548.8660831211337,127,305.03999999999996,2.4018897637795273,maintain
bb7ad8a45c027be8ab075b8e465f8ca0,paid_search,fe82aeadeaea2186478fe6353d6d5301,75,manufacturer,industry,household_utilities,SC,384.48720608707265,67,-12.66,-0.18895522388059702,maintain
99cd94252748d2bdde08e17858233602,social,58326e62183c14b0c03085c33b9fdc44,2,reseller,online_medium,pet,SP,65.37968161395028,44,138.28000000000003,3.1427272727272735,leave
86ff3eaef0267069cc891a2ed9d10a17,unknown,b76ef37428e6799c421989521c0e5077,5,reseller,online_medium,sports_leisure,SC,759.5163795364224,101,269.14,2.6647524752475245,maintain
9da15f4a4ea758d9eeb49000dbe57e22,unknown,b76ef37428e6799c421989521c0e5077,8,reseller,online_medium,home_decor,SP,36.19503812912452,145,159.19,1.0978620689655172,maintain
9c7fd21e0aa159b20da593371f08ff7c,unknown,b76ef37428e6799c421989521c0e5077,2,reseller,online_medium,audio_video_electronics,SP,411.558838268002,186,674.8,3.627956989247312,maintain
e1c76f339ebd5460999f25a2aa8c92c5,email,8515f4df7468489ed6bced112f86e360,10,,online_medium,small_appliances,SP,2209.7542382119063,93,871.1,9.366666666666667,leave
72c38a04bd6a1c3dbc5298425a0db86d,organic_search,ce1a65abd0973638f1c887a6efcfa82d,3,reseller,online_beginner,audio_video_electronics,PR,1177.7161407630592,121,533.9499999999999,4.412809917355371,maintain
57df9869a600bd6b7c405f2a862eccfb,paid_search,a0fbc0263cb98bdb0d72b9f9f283a172,8,manufacturer,online_medium,household_utilities,MG,295.72823519579066,210,52.79,0.25138095238095237,maintain
4e480be820e37de1444325ff358c9296,unknown,358adb2fee9a122549618e46925a00a5,5,reseller,online_big,car_accessories,MG,1964.7760651091273,42,286.86,6.83,maintain
ce4755084bc097113867e6454f8f5e52,paid_search,35c9b150ab36fe584c1f24fd458c453a,1,manufacturer,industry,health_beauty,SP,286.45658243859515,34,6.109999999999999,0.17970588235294116,leave
cad9969167c09b48ae6f1d123f7fa68d,direct_traffic,1d4ddc25ccaa2adeded340b6eda66182,15,reseller,online_small,home_decor,MG,263.22099502805526,174,16.22,0.09321839080459769,maintain
cad10cc982ab6a391570c211b995c17c,email,22c29808c4f815213303f8933030604c,36,reseller,online_medium,pet,SP,236.18566609938267,41,34.61,0.8441463414634146,leave
b586cd24c010a13916af621b0325fbba,organic_search,b76ef37428e6799c421989521c0e5077,1,reseller,online_beginner,home_decor,SC,441.42248991587974,90,844.95,9.388333333333334,maintain
cd2169d9f31ff6fbb9ca3373b0c9e354,paid_search,0f7f8ed9a1db8fc2a42e273972db10d4,80,reseller,online_medium,audio_video_electronics,RJ,2200.5823205808992,52,512.67,9.85903846153846,leave
674207551483fec113276b67b0d871ff,direct_traffic,27cd3540bace1f4a4b2bc6d319b0553c,8,manufacturer,online_medium,household_utilities,SP,96.78528357349785,97,105.96000000000001,1.0923711340206186,maintain
455befea1bb853c75ccbca94cff26e5c,organic_search,f017be4dbf86243af5c1ebed0cff36a2,2,,offline,phone_mobile,RJ,833.0562452878846,49,-2.0700000000000003,-0.04224489795918368,leave
28c7d8743fbc8679f484868cc0fcaefb,social,88740e65d5d6b056e0cda098e1ea6313,29,reseller,offline,health_beauty,SP,1114.2447574877197,139,132.64,0.9542446043165467,maintain
186cdd1b2df32caa72cfb410bba768d3,unknown,b76ef37428e6799c421989521c0e5077,17,reseller,online_small,household_utilities,SC,477.93593706510273,158,1073.17,6.792215189873418,maintain
34f563c82a85b99ae9e6d60db5fc2e28,organic_search,22c29808c4f815213303f8933030604c,1,reseller,online_medium,audio_video_electronics,RS,1262.882119518828,125,2086.1,16.6888,maintain
2039c5e51785b5dde7cf93ccb3b7be2c,paid_search,d83b0d0e48c8447d1d5507a44027a955,130,reseller,online_beginner,audio_video_electronics,SP,339.1251558315118,31,146.12,4.7135483870967745,maintain
a53f60f05f822b5c621a50ff6a5cb362,organic_search,b76ef37428e6799c421989521c0e5077,7,manufacturer,online_big,home_decor,MG,617.2163551763024,135,286.27000000000004,2.120518518518519,maintain
89757206b887aed36f3e18d858460fea,unknown,b76ef37428e6799c421989521c0e5077,5,reseller,online_medium,bags_backpacks,SP,1335.549120558396,127,64.86,0.5107086614173229,maintain
7d81e74a4755b552267cd5e081563028,paid_search,b76ef37428e6799c421989521c0e5077,45,manufacturer,industry,construction_tools_house_garden,SP,78.91473023560211,98,25.009999999999998,0.25520408163265307,maintain
7adbd3210a7b3cc2235e225eef33574d,organic_search,ce1a65abd0973638f1c887a6efcfa82d,2,reseller,online_medium,household_utilities,SP,1471.524799098479,125,58.94000000000001,0.4715200000000001,maintain
f0ec78809fe0bc3edb11c9fe5b97b059,unknown,b76ef37428e6799c421989521c0e5077,60,reseller,online_medium,household_utilities,SP,419.9020047800021,121,38.94,0.3218181818181818,maintain
2c2c9832d1bb38c5b0034a3b47d313ee,paid_search,40dec9f3d5259a3d2dbcdab2114fae47,3,manufacturer,industry,health_beauty,RS,1000.8072484854447,104,31.45,0.30240384615384613,maintain
d63f306de130e0391d38a792541723b8,organic_search,b76ef37428e6799c421989521c0e5077,12,reseller,online_medium,car_accessories,SP,15.04998947997191,116,41.4,0.3568965517241379,maintain
1e26c56af8d48424e1df0140a2401f83,referral,22c29808c4f815213303f8933030604c,5,reseller,offline,construction_tools_house_garden,SP,615.5403278113777,162,225.41,1.3914197530864196,maintain
c611f4ce9ce875bcc063fa97fd4d7d12,,da14b7e2eb0d1eecf65abbd05a31c87d,4,manufacturer,online_medium,construction_tools_house_garden,SP,49.40834039105821,133,305.75,2.2988721804511276,maintain
85ecf03781da592876b7844acc1b729f,organic_search,22c29808c4f815213303f8933030604c,13,reseller,online_medium,health_beauty,SP,1537.250364239708,97,207.10000000000002,2.135051546391753,maintain
6a53b90c3ad9e0b56d9fe5c69165fff5,organic_search,22c29808c4f815213303f8933030604c,9,manufacturer,online_medium,fashion_accessories,PR,257.49345104025736,85,84.78,0.9974117647058823,maintain
11742f81550ac064cc9a40f67151d9ad,paid_search,f017be4dbf86243af5c1ebed0cff36a2,4,reseller,online_medium,home_appliances,SP,308.3424006326577,77,732.79,9.516753246753247,maintain
5f57db27027655e6c6a391601daa0258,paid_search,40dec9f3d5259a3d2dbcdab2114fae47,2,reseller,online_medium,household_utilities,ES,1006.308936115121,186,44.96,0.2417204301075269,maintain
eb9267cccc90f1b49c8d2f9887c7dd97,organic_search,22c29808c4f815213303f8933030604c,8,reseller,online_medium,sports_leisure,PE,2126.6512391905953,16,293.53,18.345625,leave
0b1ca3ef18a63d7eb0c8897fa0849c08,organic_search,e492ee5eaf1697716985cc6f33f9cd9b,12,manufacturer,industry,health_beauty,SP,85.57981195365967,73,47.13,0.6456164383561644,leave
d598f929fc44e1e38678e7f47250ec04,organic_search,b76ef37428e6799c421989521c0e5077,46,reseller,industry,car_accessories,GO,896.3152332985761,62,32.50000000000001,0.5241935483870969,leave
64c9a1db4e73e19aaafd3286dc448c96,organic_search,21a104c3279681d9856b8a48723c4fee,97,reseller,online_medium,household_utilities,PR,813.9175237710375,10,395.4,39.54,maintain
6eeed17989b0ae47c9f11ece6f38ea90,unknown,b76ef37428e6799c421989521c0e5077,165,reseller,online_medium,car_accessories,SP,717.5887735791647,119,437.99,3.6805882352941177,maintain
88cd3681e0a2ba85e190f7d817629c4c,paid_search,b48ec5f3b04e9068441002a19df93c6c,237,reseller,online_big,car_accessories,SC,570.5340700591519,37,160.64,4.341621621621622,maintain
e116c7455dd26a4d8c3e92532583905f,unknown,b76ef37428e6799c421989521c0e5077,10,reseller,online_big,health_beauty,SP,6.359304098100337,73,21.979999999999997,0.30109589041095886,leave
8fb67a334bacec338885b4e9e1708073,paid_search,40dec9f3d5259a3d2dbcdab2114fae47,3,manufacturer,online_medium,home_decor,PR,730.2665970239623,79,21.379999999999995,0.27063291139240503,maintain
0cab2da43793a6f3c5ed8514c5f54627,,6b6c0934205e87702519d1cce24055f9,24,reseller,offline,bags_backpacks,PR,540.5321974092343,113,252.5,2.234513274336283,maintain
05a48cc8859962767935ab9087417fbb,unknown,8ff57dffc365fcb5233232fff6e6bfd0,9,reseller,online_beginner,fashion_accessories,SP,387.94746424350626,64,26.41,0.41265625,maintain
